{
  "music": 0.44999999999999996,
  "sfx": 0.7999999999999999,
  "ui": 0.7
}